fv_heavy_aho,fv_light_aho
QVQLLES-GPGLLKPPETLSLTCTVSG-GSIRSS---GYCWGWIRQPPGKGPEWIGSIYH----SGSTYSNPSLESRVTLSVDTSENQFTLKLTSVTAADTAVYYCARQIYFYDSRGP----------MPRALAYFDSWGQGTLVTVSS,DIVMTQSPDSLAVSLGERATISCKSS--QTILFTSNNKNYLAWYQQKPGQPPKLLIYW--------ASTRESGVPDRFSGSGSG--TDFTLTISHLQAEDVAVYYCQQFYT-----------------------HLPTFGQGTKLEIK
QVQLQES-GPGLVKPSGTLSLTCAVSG-DSISS----TNWWNWVRQPPGKGLEWIGEIHH----SGSTNYNPSLKSRVTISVDKSKNQFSLNLNSVTAADTAVYYCARDVGDN-------------------RSWFDPWGQGILVTVSS,DIQMTQSPSSLSASVGDRVTITCRAS--QSII------SHLNWYQQKPGKAPNLLIYA--------ASSLQSGVPSRFSGSGSG--TDFTLTISSLQPEDIAIYYCQQSYS-----------------------PLLTFGGGTKVEIK
EVQLVES-GGGLVKPGGSLRLSCAASG-FTFNS-----YSMNWVRQAPGKGLEWVSSITGS---GSNLYYADSLKGRITISRDNAKNTLYLQMNSLRVEDTAVYYCARDFFPGY-----------------SHGYAGYWGQGTLVTVSS,QSVLTQP-PSASGTPGQTVTISCSGSN-SNIGS-----NYVYWYQQLPGTAPKLLIYR--------NNQRPSGVPDRFSGSKSG--TSASLVISGLRSEDEADYYCAAWDDS---------------------LNGPVFGGGNKLTVL
EVQLVES-GGDLVQPGGSLRLSCAASG-FIFSN-----YAMSWVRQAPGKGLEWVSVISGS---GGSTYYVDSVKGRFTISRDDSKNTLYLQMNSLRAEDTAVYYCAKHRGSGN-----------------YYNAYDNWGQGTLVTVSS,DIQMTQSPSSLSASVGDRVTITCRAS--QGIS------DYLAWYQQIPGKVPNLLIYA--------ASTLQSGVPSRFSGSGSG--TYFTLTINSLQPEDVATYYCQSYNS-----------------------APFTFGPGTKVDIK
QLQLQES-GPGLVKPSETLSLTCSVSG-GSVSSS---YYYWGWIRQPPGKGLEWIASIFY----SGSTYYNPSLKSRVTISADTSKNHFSLKLSSVTAADTAVYYCASRNWGF--------------------DAFDIWGQGTLVTVSS,QSALTQP-ASVSGSPGQSITISCTGTS-SDVGG----YNYVSWYQQHPGKAPKLMIYD--------VSNRPSGVSNRFSGSKSG--NTASLTISGLQAEDEADYYCSSYTSS----------------------RTLVFGGGTKLTVL
EVQLVES-GGGLVQPGGSLRLSCAASG-FTFSD-----YWMHWVRQAPGKGLVWVSRINSD---GRSSSSADSVKGRFTISRDNAKNTLYLQMNSLRVEDTAVYYCARDFAVAG------------------YDAFDIWGQGTMVTVSS,EIVLTQSPGTLSLSPGERATLSCGAS--QSVN------RYLAWYQQKPGQAPRLLIYD--------ASNRATGIPARFSGSGSG--TDFTLTISSLEPEDFAVYYCQQRSN-----------------------WPITFGQGTRLEIK
EVQLVES-GGGLVKPGGSLRLSCVASG-FTFSD-----YGMIWVRQAPGKGLEWVSSISSS---ASFSYYADSVKGRFTISRDNAKNSLYLQMTSLRPEDTAVYYCARALGIS--------------------SLADYWGQGTLVTVSS,ELVMTQSPGTLSVSPGERATLSCRAS--QSVS------NNLAWYQQRPGQAPRLLIYS--------ASTRATGIPARFSGSGSG--TEFTLTISSLQSEDFAVYYCQQYNN-----------------------RPYTFGQGTKLEIK
QVQLQES-GPGLVKPSETLSLTCTVSG-GSISS-----DYWSWIRQPPGRGLEWIGYIYY----TGSTKSNPSLKSRVTISVDTSKSQFSLKLRSVTAADTAVYYCARASYYYDSS--------------GYPHAFDIWGQGTMVIVSS,SSELTQD-PAVSVALGQTVRITCQGD---SLRS-----YYASWYQQKPGQAPVLVIYG--------KDNRPSGIPDRFSGSSSG--NTASLTIIGAQAEDEADYYCNSRDSS---------------------GYHYVFGTGTKVTVL
EVQLVQS-GAEVKEPGESLRISCTGSG-YHFTS-----YWIGWVRQMPGKGLEWMGVIYPA---DSDSRYSPAFQGQVTISTDNSINTAYLQWSSLKESDTAIYYCARRPYLG--------------------DAFDIWGQGTLIIVSS,QSVLTQP-PSVSGAPGQRVSISCTGSN-SNIGA----GYAVHWYQQLPGAAPKLLISV--------KNNGPAGDRDRFSGSKSG--TSASLAIAGLQVEDEADYYCQCFDNS---------------------LRGTLFGAGTKLTVL
EVQLLES-GGGLVQPGGSLRLSCAASG-FTFSS-----YAMSWVRQAPGKGLEWVSAISGS---GGSTYYADSVKGRFTISRDNSKNTLYLQMNSLRAEDTAVYYCAKGVGAAST---------------GGEDAFDIWGQGTMVTVSS,DIVMTQSPDSLAVSLGERATINCKSS--QSVLYSSNNKNYLAWYQQKPGQPPKLLIYW--------ASTRESGVPDRFSGSGSG--TDFTLTISSLQAEDVAVYYCQQYYS------------------------TPTFGGGTKVEIK
QVQLVES-GGGVVQPGGSLTLSCAASG-FTFSG-----FGMHWVRQAPGRGLEWVAFIRYA---GSHTYYADSVKGRFTSSRDNSQNTLYLQMNSLRPEDTGVYYCAKDFYGSGF----------------YPTTLDSWGQGTLVTVSS,QSALTQP-PSASGSPGQSVTISCTGTS-SDVGG----YNYVSWYQQHPGKAPKLMIFE--------VHKRPSGVPDRFSGSKSG--NTASLTVSGLQAEDEADYYCSSYAGT----------------------NHLLFGGGTKLTVL
QVQLQES-GPGLVKPSQTLSLTCTVSG-GSISSA---IFYWTWIRQPAGKGLEWIGRIYS----SGRTNYNPSLKSRVTISIDTSKNQFSLKLNSVTAADTGLYYCAGRSGKY-------------------YEGLDSWGQGTLVTVSS,QSVLTQP-PSASGTPGQRVTISCSGSS-FNIGS-----NYVYWYQHLPGTAPKLLIYR--------NNQRPSGVPDRFSGSKSG--TSASLAISGLRSEDEAVYYCAVWDDSL--------------------SGPVVFGGGTKLTVL
QVQLVES-GGGLVKPGGSLRLSCAASG-FTFSD-----YYMSWIRQAPGKGLEWVSYISSS---GSTIYYADSVKGRFTISRDNAKNSLYLQMNSLRAEDTAVYYCAREKEDGSSGW-----------SDYYYYYMDVWGKGTTVTVSS,EIVMTQSPATLSVSPGERATLSCRAS--QSVS------SNLAWYQQKPGQAPRLLIYG--------ASTRATGIPARFSGSGSG--TEFTLTISSLQSEDFAVYYCQQYNN-----------------------WPRSFGQGTKLEIK
EVQLVES-GGGLVQPGGSLRLSCVASG-LTFDR-----YAMNWVRQAPGKGLEWVSTMGGS---DSERYYVDSVKGRFTISRDNSKNTLYLEMKSLRVEDTALYYCAKDFLSGNG----------------VYDAFDIWGLGTMVTVSS,EIVLTQSPGTLSLSPGERATLSCRAS--QSVTS-----NFLAWYQQKPGQVPRLLIYG--------ASNRAAGVPDRFSGSGSG--TDFTLTISRLEPEDFAVYYCQQYGRS----------------------PPYSFGQGTKLEIK
QVQLQES-GPGLVKPSQTLSLICTVSG-GSISSG---DYYWNWIRQPPGKGLEWIGYVYY----SGSTYYSPSLKSRVAISLDTSKNQFSLRQSSVTAADTAVYYCARDGGG----------------------GFDYWGQGTLVTVSS,SYEVAQP-LSVSVALGQTARITCGGN---NIGS-----KNVHWYQQKPGQAPVLVLYR--------DSNRPSGIPERFSGSNSG--NTATLTISRAQAGDETDYYCQVWDT-----------------------STWVFGGGTKLTVL
QVQLQES-GPGLVKPSQTLSLTCTVSG-GSISSG---DYYWSWIRQPPGKGLEWIGYIYY----SGSTYYNPSLKSRVTISVDTSKNQFSLKLSSVTAADTAVYYCARNIAAI-------------------DNWFDPWGQGTLVTVSS,QSVLTQP-PSVSGAPGQRVTISCTGSS-SNIGA----GYDVHWYQQLPGTAPKLLIYG--------NSNRPSGVPDRFSGSKSG--TSASLAITGLQAEDEADYYCQSYDSS---------------------LSGSVFGGGTKLTVL
EVQLVES-GGGLVQPGRSLRLSCTSSG-FPFGD-----FSLSWVRQAPGAGLEWVGFIRTTA-HGATAEYGPSVNGRFTLSRDDSERVAYLEMNGLKTEDTAVYYCGQGY-------------------------GAVWGKGTTVTVSS,DVVMTQSPLSLSVTLGQPASISCRSS--HSLEYSD-GNTYLNWFQQRPGQSPRRLIYK--------ISKRDSGVPDKFSGSGSG--TDFTLEISRVEAEDLGIYYCMQGTD-----------------------WPYTFGQGTKLEIK
QVQLVQS-GAEVRMPGASVKVSCKASG-YTFTS-----YDINWVRQATGQGLEWMGWMNPN---SGNTGYAQKFQGRVTMTRNTSISTAYMELSSLRSEDTAVYYCARGTRRVGATEA----------LTYTSQSSGYWGQGTLVTVSS,QSALTQP-ASVSGSPGQSITISCTGTS-SDVGG----YNYVSWYQQHPGKAPKLMIYD--------VSNRPSGVSNRFSGSKSG--NTASLTISGLQAEDEADYYCSSYTSS---------------------NTHYVFGTGTKVTVL
QLQLQES-GPGLVKPSETLSLTCTVSG-GSISSS---SYYWGWIRQPPGKGLEWIGSIYY----SGSTYYNPSLKSRVTISVDTSKNQFSLKLSSVTAADTAVYYCARAFVRIWFGE-----------LSLVGSAFDIWGQGTMVTVSS,SYELTQP-PSVSVSPGQTASITCSGD---KLGD-----KYACWYQQKPGQSPVLVIYQ--------DSKRPSGIPERFSGSNSG--NTATLTISGTQAMDEADYYCQAWDS-----------------------STGVFGGGTKLTVL
QLQLQES-GPGLVKPSETLSLTCTVSG-GSISSS---SYYWGWIRQPPGKGLEWIGSIYY----SGSIYYNSSLKSRVTISADTSKNQFSLKLSSVTAADTAVYYCARFIWYNYG---------------LRGGGFDYWGQGTLVTVSS,QSALTQP-ASVSGSPGQSITISCTGTS-SDVGG----YNFVSWYQQHPGKAPKLMISD--------VSKRPSGVSDRFSGSRSG--NTASLTISGLQTEDEADYYCSSYTSS----------------------TTWVFGGGTKLTVL
EVQLVQS-GAEVKKPGESLKISCKGSG-YSFTS-----YWIGWVRQMPGKGLEWMGIIYPG---DSDTRYSPSFQGQVTISADKSISTAYLQWSSLKASDTAMYYCASSGSSG--------------------WDFDYWGQGTLVTVSS,QSALTQP-RSVSGSPGQSVTISCTGTS-SDVGG----YNYVSWYQQHPGKAPKLMIYD--------VSKRPSGVPDRFSGSKSG--NTASLTISGLQAEDEADYYCCSYAGS----------------------YTWVFGGGTKLTVL
EVQLVES-GGGVVRPGGSLRLSCAASG-FTFDD-----YGMNWVRQAPGKGLEWVSGINWN---GGSTGYADSVKGRFTISRDNAKNSLYLQMNSLRAEDTALYHCARVIFPYQ-----------------LLSPSDYWGQGTLVTVSS,DIVMTQSPDSLAVSLGERATINCKSS--QSVLYSSNNKNYLAWYQQKPGQPPELLIYW--------ASTRKSGVPDRFSGSGSG--TDFTLTISSLQAEDVAVYYCQQYYS-----------------------TPRTFGQGTKVEIK
QVQLQES-GPGLVKPSETLSLTCAVSG-YSINS----GYYWCWIRQPPGKGLEWIGSVYH----TGSNYYNPSLKSRATISVDTSKNQISLNLDSATAADTAVYYCARGGSL---------------------LRFDYWGQGALVTVSS,QSVLTQP-PSASGTPGQRVTISCSGSS-SNIGS-----NDVNWFQQVPGTAPKLLIYS--------NNQRPSGVPARFSGSKSG--TSASLAISGLQSEDEADYYCAAWDDS---------------------LHGGVFGGGTKLTVL
QVQLQES-GPGLVKPSETLSLTCVVSR-SSISN----TYCWGWIRQSPGKGPDWIGSFCQ----SAIIYYNPSVESRVTISVDTSKNHFSLRLTSVTAADTAVYYCARQVATHG------------------EWAFDIWGPGTMVTVSS,QSVLTQP-PSVSAAPGQKVTISCSGTS-SNIGN-----NYVSWYQQLPGTAPKLLIYD--------NNKRPSGIPDRFSGSKSG--TSATLGITGLQTGDEADYYCATWDSG----------------------LSVVFGGGTKLTVL
EVQLVES-GGGLVQPGRSLRLSCTVSG-FTLGD-----YAMAWFRQAPGKGLEWIGFIRSKV-YGGATEYAASVKGRFTISRDDSKGIAYLQVNSLKSEDTGVYYCTRGGVSG-------------------GSYPDVWGKGTTVTVSS,DIVMTQSPLSLPVTPGEPASISCRSS--QSLLHGN-GYNYLHWYLQKPGQSPQLLIYL--------GGNRASGVPDRFSGSGSG--TDFTLQISRVEAEDVGIYYCMQARQ-----------------------TPLTFGGGTKVEIK
QVQLVQS-GAEVKKPGSSVKVSCKASG-GSFSK-----YGLSWVRQAPGQGLEWVGGIMPL---FDTTNYAQKFQGRVTITADTSTTTAYLELSRLRSDDTAVFFCATTLVVVPA---------------AIHSAFDIWGQGTMVAVSS,QSVLTQP-PSVSAAPGQKVTISCSGSS-SNIGT-----NYVSWYQQLPGAAPKLLIYD--------NSRRPSGIPDRFSGSKSG--TSATLAISGLQTGDEADYYCGTWDGS---------------------LRAGVFGGGTKLAVL
EVQLVES-GGGLVQPGGSLRLSCAASG-FTFSS-----YWMSWVRQAPGKGLEWVANIKQD---GSEKYYVDSVKGRFTISRDNAKNSLYLQMNSLRAEDTAVYYCARAPSPMTG----------------FSYPFQHWGQGTLVTVSS,QSALTQP-ASVSGSPGQSITISCTGTS-SDVGG----YNYVSWYQQHPGKAPKLMIYD--------VSKRPSGVSNRFSGSKSG--NTASLTISGLQAEDEADYYCCSYAGS----------------------STVVFGGGTKLTVL
QVQLQES-GPGLVKPSETLSLTCTVSG-YSISS----GYYWGWIRQPPGKGLEWIGNIYH----SGSTYYNPSLKNRVTISVDTSKNQFSLKLSSVTAADTAVYYCARHEGGGCSG--------------GSCPPFDNWGQGTLVTVSS,QSVLTQP-PSASGTPGQRVTISCSGSS-SNIGS-----NYVYWYQQLPGTAPKLLIYR--------NNQRPSGVPDRFSGSKSG--TSASLAISGLRSEDEADYYCAAWDDS---------------------LSGVVFGGGTKLTVL
EVQLVES-GGGLVQSGGSRRLSCAASR-FTFGS-----YAMNWVRQAPGKGLEWVSAISAG---GGATYYADSVKGRFTISRDNSKNTLYLQMNSLRAEDTAVYYCAKPLPPL-------------------NGVYETWGQGTLVTVSS,EIVMTQSPATLSVSPGERATLSCRAS--QSVR------SNLAWYQQKPGQAPSLLIYA--------SSTRATGIPARFSGSGSG--TEFTLTISSLQSEDFAVYYCQQYND-----------------------WTFTFAGGTKVEIK
QVQLQES-GPGLVKPSQTLSLTCTVSD-GSISSG---SYYWSWIRQPAGKGLEWIGRIYT----SGSTNYNPSLKSRVTISVDTSKNQFSLNLSSVTAADTAVYYCARDRDWA-------------------NDAFDIWGQGTMVTVSS,DIQMTQSPSSLSASVGDRVTITCRAS--QSIS------SYLSWYQQKPGKAPNLLIYA--------ASSLQSGVPSRFTGSRSG--TDFTLTISSLQPEDFATYYCQQSYS-----------------------TPYSFGQGTKLEIK
EVQLVES-GGGLVQPGGSLRLSCAASG-FTFSS-----YEMNWVRQAPGKGLEWVSYISSS---GSTIYYADSVKGRFTISRDNAKNSLYLQMNSLRAEDTAVYYCAREGDCGG------------------DCNFDYWGQGTLVTVSS,QAVLTQP-SSLSASPGASASLTCTLRS-GINVG----TYRIYWYQQKPGSPPQYLLRYKS----DSDKQQGSGVPSRFSGSKDASANAGILLISGLQSEDEADYYCMIWHSS----------------------AYWVFGGGTKLTVL
EVHLLES-GGDLEQPGGSLRLSCTVSG-FTFTS-----YAMSWVRQAPGKGLEWVSGVSGS---GRNTYYAESVEGRFTISRDSSKNTLYLQMNSLRAEDTAIYYCARSYFDFWSG-------------YYPTPPFDSWGQGTLVTVSS,AIQLTQSPSSLSASVGDRVTITCRAS--QGIS------TALAWYQQRPGKAPKLLVYD--------GSTLEGGVPSRFSGSGSG--TDFILTISGLQPEDFATYYCQQFSVY----------------------PPITFGQGTRLEIK
QVQLQES-GPGLVKPSQTLSLTCTVSG-GSISSG---SYYWSWIRQPAGKGLEWIGRIYT----SGSTNYNPSLKSRVTISVDTSKNQFSLKLSSVTAADTAVYYCARKALAYCG----------------GDCSFDPWGQGTLVTVSS,QSVLTQP-PSVSGAPGQRVTISCTGSS-SNIGA----GYDVHWYQQLPGTAPKLLIYG--------NSNRPSGVPDRFSGSKSG--TSASLAITGLQAEDEADYYCQSYDSS---------------------LSGVVFGGGTKLTVL
QVQLVQS-GGEVKKPGASVKVSCKASG-YTFTS-----YGISWVRQAPGQGLEWMGWISTY---NGNTNYAQKVQGRVTMTTDTSTSTAYMELRSLRSDDTAMYYCTRGYDSNGYPP-----------PSYYYYYMDVWGKGTTVTVSS,QSALTQP-ASVSGSPGQSITISCTGTS-SDVGA----YDYVSWYQHHPGEAPKLIIYD--------VFKRPSGVSNRFSASKSG--NTASLTISGLQAEDETDYYCCSYAGY----------------------STWVFGGGTRLTVL
QVRLQQW-GAGLLKPSETLSLTCAIYG-DSFND-----HFWSWIRQFSGKGLEWIGEIDH----TGSTHFNPSLKSRVTMSMDTSKNQFSLRLTSVTAADTAVYYCARGQRGGCG----------------WNLAFDSWAQGTLVTVSS,QSMLTQP-PSVSAAPGQKVTISCSGSS-SSIGN-----NCVSWYQHLPGTAPKLLIYD--------DDQRPSGIPDRFSGSKSG--TSATLAITGLQTGDEADYFCGTWDTS---------------------LSTVVFGGGTKLTVL
QVQLQES-GPGLVKSSQTLSLTCSVSG-DSVSSG---GHYWTWIRQPAGKGPEWIGRIYT----GVTTSYNPSLRSRVTMSADLAKNEFSLTLRSVTAADTAVYFCARVSIIDP------------------PQVVDVWGRGTLVTVSS,EIVLTQSPGTLSLSPGERVTLSCRAS--QSVTN-----SYLAWYQQKPGQAPRLLIYG--------ASTRATGIPERFSGGGSG--TDFTLTISRLEPEDFAVYYCQQFGGS----------------------PPYTFGQGTRVEIK
EVQLVES-GGGLVQPGGSLRLSCAASG-FTVSS-----NFMNWVRQAPGKGLEWVSIIYT----GGRTYYADSVKGRFTISRDYSKNTLYLQMNSLRPEDTAVYYCARDPATSCHEG-----------GCTHYFYMDVWGKGTTVTVSS,SYELTQP-PSVSVSPGQTASIPCSGD---KLGD-----KYVCWYQQKPGQSPVLVIYE--------DNKRPSGIPERFSGSNSG--NTATLTISGTQAMDEADYYCQAWDSS----------------------VGLVFGGGTKLTVL
EVQLLES-GGGLVQPGGSLRLSCAASG-FTFSS-----YAMSWVRQAPGKGLEWVSAISGS---GGSTYYADSVKGRFTISRDNSKNTLYLQMNSLRAEDTAVYYCAKDRNYQL-----------------PTKWFDPWGQGTLVTVSS,DIQMTQSPSSLSASVGDRVTITCQAS--QDIS------NYLNWYQQKPGKAPKLLIYD--------ASNLETGVPSRFSGSGSG--TDFTFTISSLQPEDIATYYCQQYDN-----------------------LPITFGQGTRLEIK
EVQLVES-GGGWVQPGRSLTLSCAASG-FTFDD-----YAIHWVRRAPGKGLEWVSGISWD---SDTIAYADSVKGRFTTSRDNAKNSLYLHMNRVRPEDTALYYCAKDIESGEL---------------LRVGYFDYWGQGAQVTVSS,QSVVTQP-PSASGTPGQRVTISCSGSR-SDIGN-----NYVFWYQQLPGMAPKLLIYK--------NNQRPSGVPDRFSGSKSG--TSASLAISGLRSQDEADYYCATWADS---------------------LGGWVFGGGTKLTVL
QITLKES-GPTLVKPTQTLTLTCTFSG-FSLSTS---GAGVGWIRQPPGKALECLALIYW----NDDTHYSPSLKSRLTITKDTSRNQVVLTMTNMDPVDSATYYCAHRGVTIFG---------------VVSYYFDYWGQGTLVTVSS,QSALTQP-ASVSGSPGQSITISCTGTS-SDIGD----YNHVSWYQQHAGKAPKLMIYD--------VSNRPSGVSNRFSGSKSG--NTASLTISGLQAEDEADYYCSSYSSS---------------------GTLDVFGTGTKVTVL
QVQLVQS-GAEVKKPGSSVKVSCKASG-GTFSS-----YAISWVRQAPGQGLEWMGGIIPI---FGTANYAQKFQGRVTITADKSTSTAYMELSSLRSEDTAVYYCARSPEYNWN---------------YEENWFDPWGQGTLVTVSS,DIQMTQSPSAMSASVGDRVTITCRAS--QGIS------NYLAWFQQKPGKVPKRLIYA--------SSSLQSGVPSRFSGSGSG--TEFTLTISSLQPEDFATYYCLQHNS-----------------------YPYTFGQGTKLEIK
QVQLVQS-GAEVKKPGSSVKVSCKASG-GTFSS-----YAISWVRQAPGQGLEWMGGIIPI---FGTANYAQKFQGRVTITADESTSTAYMELSSLRSEDTAVYYCARASPLRRAAAG----------DIYYYYYMDVWGKGTTVTVSS,DIVMTQSPDSLAVSLGERATINCKSS--QSVLYSSNNKNYLAWYQQKPGQPPKLLIYW--------ASTRESGVPDRFSGSGSG--TDFTLTISSLQAEDVAVYYCQQYYS-----------------------TPPSFGQGTKLEIK
QVQLVQS-GAEVKKPGSSVTVSCKTFG-GTFDN-----YAISWVRQAPGQGLEWMGGIFPR---FGTTNYAQRFQGRVTITADVSTNTAYMEMTSLTSDDTAEYFCARAITSGWP----------------TYWNFDLWGRGTLVIVSS,DIVMNQSPDSLAVSLGERATINCKSS--QSVLYSSSGANYIAWYQKKPGQPPKLLIHW--------ASTRESGVPDRFSGSGSG--TDFTLSISSLQAEDAAVYYCQQFQS-----------------------TPPTFGQGTKVEIK
QVQLEES-GGGVVQPGGSLTLSCAASG-FSFRS-----YGMHWVRQAPGKGLEWVAFIRHD---GTIKYYADSAKGRFTIFRDNSKNTVFLQMNSLRAEDTAVYYCAKDWGHM-------------------YYYFDYWGQGTLVTVSS,QSALTQE-AAVSGTVGQRVTLSCTGNS-NNIGS-----YSVGWYQQISHGAPKTVMFG---------DSLPSGIPDRFSGSKSG--TTASLTISGLQPEDEADYYCSTWDYS---------------------LGGRVFGGGTRLTVL
QVQLVES-GGGLVKPGGSLRLSCAASG-FTFSD-----YYISWIRQAPGKGLEWVSYISGS---GSFIYYADSVKGRFTISRDNAKNSLYLQMNSLRAEDTAVYYCARARRG---------------------YSYDYWGQGTLVTVSS,QSALTQP-ASVSGSPGQSITISCTGTS-SDVGA----YNYVSWYQQHPDKAPKLMIYD--------VSKWPSGVSNRFSGSKSG--NTASLTISGLQAEDEADYYCSSYTST----------------------STLVFGGGTKLTVL
EVQLVES-GGGLVKPGGSLRLSCATSG-FTFSG-----AWMSWVRQAPGKGLEWVGQIKSKS-GGGTPVYAAAVKGRFTISRDDSKDTLYLQMNSLKTEDTALYYCTTGN-------------------------GGGWGQGTVVTVSS,DIQMTQSPSAMSASVGDRVTITCRAS--QGIS------SNLAWFQQKPGKVPKRLIYS--------ASTLESGVPSRFSGSGSG--TEFTLTISSLQPEDFATYYCLQHDT-----------------------FPLTFGGGTNVEIK
QVQLQQW-GAGLLKPSETLSLTCAVYG-GSFSG-----YYWSWIRQPPGKGLEWIGEINH----SGSTNYNPSLKSRVTISVDTSKNQFSLKLSSVTAADTAVYYCARSGRGNRTY-------------YYYYYYMDVWGKGTTVTVSS,QSVLTQP-PSVSAAPGQKVTISCSGSS-SNIGN-----NYVSWYQQLPGTAPKLLIYD--------NNKRPSGIPDRFSGSKSG--TSATLGITGLQTGDEADYYCGTWDSS---------------------LSAGVFGGGTKLTVL
QMHLQES-GPGLVKPSETLSLTCTVSG-GSISST---SYYWGWIRQSPEKGLEWIGGIFY----DGSTYYNPSLKSRVTISIDTSKTQFSLNLRSVSAADTAIYYCAKYREMA--------------------TGMDLWGKGTTVTVSS,-----------------------------------------CWYQQKPGQSPVLVIYQ--------DNKRPSGIPERFSGSNSG--NTATLTISGTQAIDEADYYCQAWES-----------------------RTVVFGGGTKLTVL
QVQLVES-GPGLVKPSQTLSLTCTVSG-DSITTG---YYYWSWIRQPAGKQLEWIGRISA----YGTTNYSPSLESRVTMSVDRSKNQFSLRLSSVTAADTALYYCARGRGAYSGAFS----------RRFSYYYIDVWGKGTTVIASS,DIVMTQTPLSLSVTPGQPATIPCKAS--QSLLHSD-GKTYLHWYLQKPGQSPQLLMYE--------VSNRFSGVADRFSGSGSG--TDFTLKISRVEAEDVGVYYCMQSLQ-----------------------LPITFGQGTRLEIK
QVQLQES-GPGLVKPSETLSLTCTVSG-YSISS----GYYWGWIRQPPGKGLEWIGSIYH----SENTYYNPSLKSRVTISVDTSKNQFSLKVNSVTAADTAVYHCARLPQSGA-----------------AAGTLDYWGQGTLVTVSA,EIVLTQSPGTLSLSPGERATLSCRAS--QSVSS-----SYLAWYQHKPGQAPRLLIYG--------ASSRATGIPDRFSGSGSG--TDFTLTISRLEPEDFAVYYCQQYGS-----------------------SRYSFGQGTKVEIK
QLQLQES-GPGLVKPSETLSLTCTVSG-GSISNY---NYHWGWIRQPPGKGLEYIGTIHY----SGTTKCNPSLKSRVTISVDRSKNQFSLRLNSVTAADTAVYFCARFRDDVVNG--------------PHPEINDYWGRGTLVTVSS,----TQSPDTLSVSPGERVTLTCRAS--QNIN------RNLAWYQQKPGQAPRLLLYA--------TSTRAPGIPARFSGSGSG--TEFTLTISSLQSEDSAVFYCQQYHNW----------------------PPITFGQGTRLEIK
QVQLQQW-GAGLLKPSETLSLTCAVYG-GSFSG-----YYWSWIRQTPEKGLEWIGEINH----SGTTNYNPSLKSRVTISVDTSKNQFSLKLTSVTAADTAVYYCARGVYGYKGV-------------YYFYYYMDVWGKGTTVTVSS,DIQMTQSPSSLSASVGDRVTITCRAS--QSIS------NYLNWYQKKPGKAPKLLIYA--------ASSLQSGVPSRFSGSGSG--TDFTLTISSLQPEDFATYYCQHSYNT----------------------PPYTFGQGTKVEIK
QVQLVES-GGGVVQPGGSLRLSCAASG-FTFSS-----SGMHWVRQAPGKGLEWVAFVRYD---GSNKYSADSVKGRFTISRDNSKNTLYLQMNSLRAEDTAVYYCAKDGCSSTN---------------CYTYLPDYWGQGTLVSVSS,QPVLTQS-SSASASLGSSVKLTCTLS--SGHSS-----YIIAWHQQQPGKAPRYLMKVEG----SGSYNKGSGVPDRFSGSSSG--ADRYLTISNLQSEDEADYYCETWDT-----------------------NTWVFGGGTKLTVL
EVQLVES-GGGLVKPGGSLRLSCAASG-FTFNS-----HTMNWVRQAPGKGLEWVSSISSS---NIYMYYVDSVKGRFTISRDNAKNSLFLQMNSLRAEDTAVYYCARAGDIGYS---------------YGYYYMDVWGKGTTVTVSS,QSALTQP-ASVSGSPGQSITISCTGTS-SDVGA----YSYVSWYQHHPGKAPKLMIYD--------VTKRPSGVSDRFSGSKSG--NTASLSISGLQAEDEADYYCSSYRGS----------------------STWVFGGGTKLTVL
EVQLVES-GGGLVQPGGSLRLSCAASG-FTVST-----NYMSWVRQAPGKGLEWVSLIYS----GGNTYYADSVKGRFTISRDNSKNTLYLQMNSLRAEDTAVYYCARELGYCSTTS-----------CRRYYYYMDVWGKGTTVTVSS,QSALTQP-ASVSGSPGQSITISCTGTS-SDVGG----YNYVSWYQQHPGKAPKLMIYD--------VSGRPSGVSNRFSGSKSG--STASLTISGLQAEDEADYYCSSYTSS----------------------STYVFGTGTKVTVL
QVQLQES-GPGLLKSSETLSLTCAVSN-YSINN----NFYWGWMRQPPGKGLEWIGSIYH----SGRAYYNPSLKSRVTISVDTSRNHFSLRLSSVTAADAAVYYCVRSYWDW-------------------LDAFDIWGQGTMVTVSS,QSVLTQP-PSASGTPGQRVTISCSGSS-SNIGT-----NYVYWYQQLPGTAPKLLIYR--------SNQRPSGVPDRFSGSKSG--TSASLAISGLRSEDEADYYCAAWDDSL--------------------SGRVVFGGGTRLTVL
QVQLVES-GGGLVKPGGSLRLSCAASG-FTFSD-----YYMSWIRQAPGKGLEWVSYISSS---GTNIYYADSVKGRFTISRDNAKNSLYLQMNSLRAEDTAVYYCAREASSG-------------------WYIFDYWGQGTLVTVSS,QLVLTQS-PSASASLGASVKLTCTLS--SGHSN-----YAIAWHQQQPEKGPRYLMKLNS----DGSHSKGDGIPDRFSGSTSG--AERYLSISSLQSEDEADYYCQSWGT-----------------------GIRVFGGGTKLTVL
EVQLVES-GGGLVQPGGSLRLSCAATG-FTFST-----YTMSWVRQAPGKGLEWVSTISS----GRSTYYADSVKGRFTISRDDSKNTLYLQMNSLRVEDRAVYYCAKVADD---------------------YGDDYWGQGTLVTVSS,QSVLTQP-PSASGTPGQRVTISCSGSS-SNIGS-----NYVYWYQQLPGTAPKLFIFR--------NNQRPSGVPDRFSGSKSG--TSASLAISGLRSEDEADYYCAAWDDS---------------------LSGWVFGGGTKLTVL
EVQLVES-GGGLVQPGGSLRLSCAASG-FTFSW-----YWMTWVRQAPGKGLEWVANIKQD---GSQKYYVDSVKGRFTISRDNAKNSLYLQMNSLRAEDTAVYYCARTG-------------------------EDYWGQGTLVTVSS,EIVMTQTPLSSPVTLGQPASISCRSS--QSLVHSD-GNTYLSWLQQRPGQPPRPLIYK--------ISNRFSGVPDRFSGSGAG--TDFTLKISRVEAEDVGVYYCMQATQ------------------------LITFGQGTRLEIK
QVQLQES-GPGLVKPSGTLSLTCTVSG-DSISS----SSWWSWVRQPPGKGLEWIGEIFH----SGSTNYNAPLKSRVTISLDKSKNQFSLKMTSATAADTAIYYCVRTPGIGG------------------DNWFDPWGQGTLVTVSS,QSVLTQP-PSVSGAPGQRVTISCTGSS-TNFGA----GYDVHWYQQLPGTAPTLLIHG--------NNKRPSGVPDRFSGSKSG--TSASLAITGLQAEDEADYYCQSYDYS---------------------LSGYVIGTGTKVTVL
EVQLVES-GGGLVKPGGSLSLSCAASG-FTFRA-----YKMNWVRQAPGKGLEWVSSISTS---SSYTKYADSVKGRFTISRDNAKDSLYLQMNSLRAEDTAVYFCARDRNDYNN----------------YDDTFDVWGRGTLVTVSS,DIQMTQSPSFLSASVGDRVSITCRTS--QNVN------TYLGWYQQKPGQAPKLLISS--------ASTLQSGVPSRFSGSGAG--TDFTLTISSLQPDDFATYYCQQSSS-----------------------DPITFGPGTTVDVK
QVQLEES-GGGVVQPGGSLRLSCAASG-FAFHK-----HGMHWVRQAPGKGLEWVAFIRYD--GGTYKSYADSVKGRFTISRDNSKNTLYLQMNSLRAEDTAVYYCAKVSGGVPY---------------YYYYYMDVWGKGTTVTVSS,DIVLTQSPGTLSLSPGERATLSCRAS--QIVPS-----NYLAWYQQKPGQAPRLLIYG--------ASSRATGIPDRFRGTGSG--TDFTLTISRLEPEDFAVYYCQQYGG------------------------TYSFGQGTKVEIK
EVQLVES-GGGLVQPGGSLRLSCAATG-FTFSS-----HEMNWVRQAPGKGLEWISYISSS---GDTIYYADSVKGRFTISRDNAKNSLYLQLSSLRTEDTAVYYCARDGWHGEL---------------ITAYQGRGWGQGTLVTVSS,QSVLTQP-PSASGTPGQRVTVSCSGSS-SNIGP-----NYVYWYQQLPGTTPKLLIYR--------NNQRPSGVPDRFSGSKSG--TSASLAISGLRSEDEADYYCAAWDDS---------------------LSGLVFGGGTKLTVL
QVQVVES-GGGLVKPGGSLRLSCAASG-FFFRD-----YYMSWFRQAPGKGLEWVSYISSG---GDKISYADSVRGRFTVSRDNAKTSLFLQMNSLRAEDTAVYYCAIRPRT---------------------GTPDYWGQGTLVTVSS,QTVVTQE-PSLTVSPGGTVTLTCASST-GAVTS----GYYPHWLQQKPGQAPRPLIYF--------TSNKHAWTPARFSGSLLG--GTAALTLSGVQPEDEAEYFCLLYYG-----------------------GSWVFGGGTKLTV
QITLKES-GPAVVKPTQTLTLTCTVSG-FSLSTT---GVGVGWIRQPPGKALEWLALIYW----DDDERYSPALKTRLTITKDTSKNQVVLSMTNMDPVDTATYYCAHRRSWET------------------SGPFDYWGQGTLVTVSS,AIQLTQSPSSLSASVGDTVTITCRAS--QGIR------SALAWYQQKPGKPPKLLISD--------ASILESGVPSRVSGSGSG--TDFTLTISSLQPEDFATYYCQYFNT-----------------------YPLTFGGGTRVEIK
QVQLVES-GGGVVQPGGSLRLSCAASG-FIFSN-----SGMHWVRQAPGKALEWVGFIRFD---GSDKYYEESVKGRFSLSRDNSKSTLYLQMNTLTFEDTGVYYCAKARISVA-----------------GTPLLDYWGQGTLVSVSS,QSVLTQP-PSVSGAPGQRVTISCSNI---GAG------YDVHWYQQFPGTAPKLLIYG--------NSNRPSGVPDRFSGSKSG--TSASLVITGLKAEDEAQYYCQSYQNGP--------------------SPRVVFGGGTKLTVL
EVQLVES-GGGVVRPGGSLRLSCAASG-FTFDD-----FGMSWVRQAPGKGLEWVSGINWN---GDSTGYADSVKGRFTISRDNAKNSLYLQMNSLRAEDTALYHCARVRNRYST----------------GWWYFDLWGRGTLVTVSS,EIVLTQSPGTLSLSPGERATLSCRAS--QSVSS-----SYLAWYQQKPGQAPRLLIYG--------ASSRATGIPDRFSGSGSG--TDFTLTISRLEPEDFAVYYCQQYGS------------------------SPTFGQGTKVEIK
QVQLQES-GPGLVKPSETLSLTCAVSG-YSISS----GYYWGWIRQPPGKGLEWIGTIHY----SGSTYYNPSLKSRVTISVDTSKNQFSLKLSSVTAADTAVFYCARRGNG---------------------WSFDYWGQGTLVTVSS,SYELTQP-PSVSVSPGQTASITCSGD---KLGD-----KYACWYQQKPGQSPVLVIYQ--------DSKRPSGIPERFSGSNSG--NTATLTISGTQAMDEADYYCQAWDS-----------------------STAVFGGGTKLTVL
QLQLQES-GPGLVKPSETLSLTCTVSG-DSISSS---NYYWSWIRQPPGKGLEWIGSIYY----SGGTYYNPSLKSRVTISVDTSKNQFSLRLSSVTAADTGVYYCARPGYY---------------------DNSDPWGQGTLVTVSS,EVVLTQSPATLSLSPGERATLSCRAS--QSVS------SYLAWYQHKPGQAPRLLIYD--------ASNRATGIPARFSGSGSG--TDFTLTISSLEPEDFAVYYCQHRSNW----------------------PPFTFGPGTKVDIK
QVTLKES-GPALVEPTQTLTLTCTFSG-FSLNTN---GMRVSWIRQPPGKALEWLARIDW----DDEKLYSTSLKTRLTISKDTSKNQVVLTMTNMDPVDTATYYCARARSEKMLN--------------YYYYYIDVWGKGTMVTVSS,DIVMTQSPDSLAVSLGERVTINCKSS--QSILSSSTNKNSLGWYQQKPGQPPKLLIYW--------ASTRESGVPDRFSGSGSG--TDFTLTISSLQAEDVAVYYCQQYYS-----------------------TFWTFGQGTKVEIK
QVQLVQS-GAEVKKPGSSVKVSCKASG-GTFSS-----YAISWVRQAPGQGLEWMGGIIPI---FGTANYAQKFQGRVTITADKSTSTAYMELSSLRSEDTAVYYCARDGGGIYDIP------------TVVGLAFDIWGQGTMVTVSS,EIVMTQSPATLSVSPGERATLSCRAS--QSVS------SNLAWYQQKPGQAPRLLIYG--------ASTRATGIPARFSGSGSG--TEFTLTISSLQSEDFAVYYCQQYNN-----------------------WLRSFGQGTKLEIK
EVQLVES-GGGLVQPGGSLRLSCAASG-FTFSS-----YEMNWVRQAPGKGLEWVSYISSS---GSTIYYADSVKGRFTISRDNAKNSLYLQMNSLRAEDTAVYYCAREGAITMVR-------------GVTGEGLDYWGQGTLVTVSS,SYELTQP-PSVSVSPGQTASITCSGD---KLGD-----KYACWYQQKPGQSPVLVIYQ--------DSKRPSGIPERFSGSNSG--NTATLTISGTQAMDEADYYCQAWDSS----------------------TAWVFGGGTKLTVL
EVQLVES-GGGLVKPGGSLRLSCAASG-FTFNN-----AWMSWVRQAPGKGLEWVGRIKSKT-DGGTADYAVPVKGRFTISRDDSKNTLFLQMNSLKTEDTAVYYCSTDFYFMGR---------------GVIQHFDDWGQGTLVTVFS,QSVLTQP-PSASGTPGQRVTISCSGST-SNIGS-----NTVNWYQQLPGTAPKLLIFG--------NNQRPSGVPDRFSGSKSG--TSASLAISGLQSEDETDYYCAAWDDS---------------------LNGPVFGPGTKVTVL
EVQLVES-GGGLVQPGGSLRLSCAASG-FIFSS-----YEMNWVRQAPGKGLEWISYISSS---GSTKHYADSVKGRFTISRDNAKNSLYLQINSLRAEDTAVYYCASQYYYL-------------------SRAFDIWGQGTMVTVSS,QSALTQP-ASVSGSPGQSITISCTGTS-SDVGG----YNYVSWYQQHPGKAPKLMIYD--------VRNRPSGVSNRFSGSKSG--NTASLTISGLQAEDEADYYCSSYTS-----------------------SSTLFGTGTKVTVL
EVQLVES-GGGLVQPGRSLRLSCTASG-FTFGD-----YAMSWVRQAPGKGLEWVGFIRSKA-YGGTTEYAASVKGRFTISRDDSKSIAYLHMNSLKTDDTAVYFCTRAPGYSGSY-------------EGYYYYMDVWGKGTTVTVSS,QSVLTQP-PSVSGAPGQRVTISCTGSS-SNIGA----GYDVHWYQLLPGTAPKLLIYG--------NNNRPSGVPDRFSGSKSG--TSASLAITGLQAEDEADYYCQSYDSS---------------------LSGYVFGTGTKVTVL
QVQLQES-GPGLVKPSQTLSLTCTVSG-GSISSG---DYYWSWIRQPPGKGLEWIGYIYY----SGSTYYNPSLKSRVTISVDTSKNQFSLKLSSVTAADTAVYYCARGGPWSKY---------------YYYYYMDVWGKGTTVTVSS,QSALTQP-ASVSGSPGQSITISCTGTS-SDVGG----YNYVSWYQQHPGKAPKLMIYD--------VSKRPSGVSNRFSGSKSG--NTASLTISGLQAEDEADYYCSSYTSS----------------------STLVFGGGTKLTVL
QVQLVQS-GAEVKKPGASVKVSCKASG-YTFTS-----YGISWVRQAPGQGLEWMGWISAY---NGNTNYAQKLQGRVTMTTDTSTSTAYMELRSLRSDDTAVYYCARLIVVVPA---------------ATLESFDPWGQGTLVTVSS,DIQMTQSPSSLSASVGDRVTITCRAS--QSIS------SYLNWYQQKPGKAPKLLIYA--------ASSLQSGVPSRFSGSGSG--TDFTLTISSLQPEDFATYYCQQSYS-----------------------TLYSFGQGTKLEIK
QVQLVES-GGGVVQPGGSLRLSCAASG-FTFSS-----YGMHWVRQAPGKGLEWVAFIRYD---GSNKYYADSVKGRFTISRDNSKNTLYLQMNSLRAEDTAVYYCAKDRHIVVV----------------TAWYFQHWGQGTLVTVSS,EIVMTQSPATLSVSPGERATLSCRAS--QSVS------SNLAWYQQKPGQAPRLLIYG--------ASTRATGIPARFSGSGSG--TEFTLTISSLQSEDFAVYYCQQYNNW----------------------PPLSFGQGTKLEIK
QVQLVES-GGGVVQPGGSLRLSCAASG-FTFSS-----YDIHWVRQAPGKGLEWVAFIRYD---GSKKYYADSVKGRFTISRDNSKNTLFLQMNSLRDDDTAVYYCWVLGIVG-------------------AQRLDPWGQGTLVTVSS,EIVLTQSPATLSLSPGERATLSCRAS--QSVS------NYLAWYQQKPGQAPRLLIYD--------ASNRATGIPARFSGSGSG--TDFTLTISSLEPEDFAVYYCQQRSNW----------------------PPLTFGGGTKVEIK
EAQLVES-GGGLVQPGGSLRLSCAASG-FTSSS-----YWMSWVRQAPGKGLEWVANINQD---GSEKSYVDSVRGRFTISRDNAKNLLYLQMNSLRAEDTAVYYCARLETYSDFWS------------GDSTYYFDYWGQGTLLTVSS,DIQMTQSPSSLSASVGDRVTITCRAS--QSIS------TYLNWYHQKPGKAPKLLIYD--------ASSLQSGVPSRFSGSGSG--TDFTLTISSLQPEDFATYYCQHSYD-----------------------VPYSFGQGTKLEI
QVQLVQS-GAEVRKPGASVKVSCKASG-YTFIN-----HDINWMRQATGQGLEWMGWMNSN---TGNTGYAQAFQGRVTMSRDTSISTAYMELSSLTSEDTAVYYCARGAGSGG------------------RDWFDPWGQGTLVTVSS,DIVMTQSPDSLAVSLGERATINCKSS--QNVFDSSNDKNYLAWYQQRPGQPPKLLIYW--------ASIRKSGVPDRFSGSGSG--TDFTLTISSLQAEDVAVYFCQQYYS-----------------------KPPAFGGGTKVEIK
QVTLKES-GPVLVKPTETLTLTCTVSG-FSLSNA---RMGVSWIRQPPGKALEWLAHIFS----NDEKSYSTSLKSRLTISKDTSKSQVVLTMTNMDPVDTATYYCARGPDSS-------------------SWEFDYWGQGTLVTVSS,QSALTQE-ASVSGTVGQKVTLSCTGNS-KNIGS-----YDVGWYQQISHGAPKTVMFG---------NSLPSGIPDRFSGSKSG--TTASLTISGLQPEDEADYYCSTWDYS---------------------LSAQVFGGGTKLTVL
QVQLVES-GGGVVQPGGSLRLSCAASG-FTFSS-----YGMHWVRQAPGKGLEWVAFIRYD---GSNKYYADSVKGRFTISRDNSKNTLYLQMNSLRAEDTAVYYCAKDGATIFV----------------DFDAFDIWGQGTMVTVSS,DIQMTQSPSSLSASVGDRVTITCRAS--QSIS------SYLNWYQQKPGKAPKLLIYA--------ASSLQSGVPSRFSGSGSG--TDFTLTISSLQPEDFATYYCQQSYST----------------------PRYSFGQGTKLEIK
QVQIQQW-GAGRMKPSETLSLTCAVLG-GSFND-----YYWSWIRQPPGKGLEWVGEVYH----SGTTNYNPSLKSRVTISVDTSKSQFSLNLTSVTAADTAMYYCARGRHHYDDA-------------ASEGDAFQIWGQGAMVTVSS,SSELTQP-PSVSVSQGQTARITCSGD---ALAS-----QYAYWYQQRPGQAPILLIYK--------DTKRPSGIPARFSGSNSG--TTVTLTISGVQAEDEGDYYCQSSNTR---------------------GTYYVFGTGTSVTVL
QVQLLQS-GAEVRKPGSSVTLSCKSSG-GTFNT-----HAVNWVRQAPGQGLEWMGGIIPI---YNLPNYAQNFQGRVTITADESTSTVYLEVNRLEPQDTAVYYCAKGGGAVS------------------YWFFDFWGRGTLLTVSS,EIVLTQSPATLSLSPGERAILSCRAS--QSVS------TYLAWYQQKPGQAPRLLISD--------ASNRATGIPARFSGSGSG--TDFTLTINSLEPEDFAVYYCQQRTN-----------------------WVLTFGQGTRLEI
QVHLVQS-GPELKKPGSSMRVSCKAS--GGTIT-----SGISWVRQAPGQGLEWMGGIIPI---FEVANNAQKFQDRVTITADESTGTAYLELSSLTSEDSAVYYCARSRSRQGR----------------PDRYFDSWGQGTLVTVSS,SYVLTQP-PSASVAPGETARITCGGN---NIGG-----KSVHWYQQRPGQAPVLVIYY--------DGDRPSGIPERFSGSNSG--NTATLTISRVEAGDEADYYCQVWDVS---------------------SDHGLFGGGTKLTVL
ELQLVES-GGGLVQPGGSLRLSCVASG-FTFSS-----YAMSWVRQAPGKGLEWVSAISDS---GGNTYYADSVKGRFTISRDNSKNALFLQMNSLRAEDTAVFYCAKESWRIAVA--------------GHGGYFDFWGQGALVTVSS,QPVLTQS-SSASASLGSSVKLTCTLS--SGHSS-----YIIAWHQQQPGKAPRYLMKLEG----SGSYNKGSGVPDRFSGSSSG--ADRYLTISNLQSEDEADYYCETWDS-----------------------NTRVFGGGTKLTVL
QVQLQQW-GAGLLKPSETLSFTCAVYG-GSFSG-----YYWSWIRQSPGKGLEWIGEINH----SGSTNYNPSLKNRVTIAVDTSKNQFSLELSSVTAADTAVYYCARVPESGS------------------YRNFDYWGQGSLVVVSP,EIVLTQSPGTLSLSPGERATLSCRAS--QSVN------SYLAWYQLKPGQPPRLLIYG--------ASTRAIGVPDRFSGSGSG--TDFSLTINRLEPEDFAVYYCQQYGK-----------------------LPRTFGQGTKVEIK
EVQLVES-GGGLVQPGGSLRLSCVASG-FTFTD-----FWMTWVRQAPGKGLEWVADLNQD---GSQKYYVDSVKGRFTISRDNAKNSLYLQINSLRDEDTAVYNCAKGGSY----------------------DLHSWGQGTLVTVSA,EVVMTQSPLSLPVTLGQPASISCTSS--QSLVHRD-GNTYLIWFQQRPGQSPRRLIYK--------ASNRDSGVPDKFSGSGSG--TDFTLRISRVEAEDVGVYYCMQGTH-----------------------WPPAFGQGTKVEIK
QITLKES-GPTLVKPTQTLTLTCAFSG-FSLIGR---GVGVAWIRQPPGQAPEWIALIYG----DDEKRYRPSLKSRLTLTKDTSKNQVVLTVAYMDPVDTGTYYCAHKFDFWTG----------------GVDAFDVWGQGTTVTVSS,ETVLTQSPGTLSLTPGARATLSCRAS--QSVGS-----PYLDWYQQKPGQAPRLLIYG--------TSNRATGIPDRFSGSGSG--TDFTLTISRLEPEDFAVYYCQQFNY-----------------------SPYTFGQGTKVELK
QVQLVES-GGGVVHPGGSLRLSCAASG-FAFSR-----HGMHWVRQAPGKGLEWVASIRYD---GNSKYYADSVKGRFSISRDNSKNTLYLQMNSLRPEDTAVYYCTKTWDFYDSS-------------GYHPGYFQHWGQGTPATVSS,QSVLTQT-PSVSGAPGQRVTISCTGSS-SNIGA----DYDIHWYQQLPGTAPKLLISD--------NINRPSGVPDRFSGSKSG--TSASLAITGLQAEDEAHYYCQSYDSS---------------------LSNWVFGGGTKLTVL
QVTLRES-GPALVKPTQTLTLTCSFSG-FSLSTS---GMSVSWIRQPPGKALEWLARIDW----DDDKYYNTSLRTRLTISKDTSKNQVVLTLTNMDPVDTASYYCARGGI-----------------------WFDCWGQGNLVTVSS,DIVMTQSPDSLAVSLGERATINCTSS--QSLFYRSNNKNFLAWYQQRPGQPPKLLIYW--------ASSRESGVPERFSGSGSG--TDFTLTISSLQAEDVAVYYCQQYYSH----------------------PTLTFGGGTKVEIK
QVQLQES-GPGLVKPSQTLSLTCTVSG-GSISSG---SYYWSWIRQPAGKGLEWIGRIYT----SGSTNYNPSLKSRVTISVDTSKNQFSLKLSSVTAADTAVYYCARAQWAAYS---------------GYLDAFDIWGQGTMVTVSS,EIVLTQSPGTLSLSPGERATLSCRAS--QSVSS-----SYLAWYQQKPGQAPRLLIYG--------ASSRATGIPDRFSGSGSG--TDFTLTISRLEPEDFAVYYCQQYGS-----------------------SPYSFGQGTKLEIK
QVQLQES-GPGLVKPSQTLSLTCTVSG-GSISSG---SYYWSWIRQPAGKGLEWIGRIYT----SGSTNYNPSLKSRVTISVDTSKNQFSLKLSSVTAADTAVYYCARADHSSG------------------YCALDYWGQGTLVTVSS,DIQMTQSPSSLSASVGDRVTITCRAS--QSIS------SYLNWYQQKPGKAPKLLIYA--------ASSLQSGVPSRFSGSGSG--TDFTLTISSLQPEDFATYYCQQSYS-----------------------TPWTFGQGTKVEIK
QVQLQES-GPGLVKPSGTLSLTCAVSG-GSISS----SNWWNWVRQPPGKGLEWIGEIYH----SGSTNYNPSLKSRVTISIDKSKNQFSLKLNSVTAADTAVYYCARDAVR---------------------YWFDPWGQGTLVTVSS,QSALTQP-ASVSGSPGQSITISCTGTS-SDVGG----YTYVSWYQQYPGKAPKVLIYD--------VTKRPSGVSNRFSGSKSG--NTASLTISGLQAEDEADYYCCSYAGS----------------------SIVVFGGGTKLTVL
QVQLQES-GPGLVKPSQTLSLTCTVSG-DSISSG---EYYWSWIRQPAGKGLEYIGRIYT----NGNTNYNASLRSRVTMSVDTSKNQFSLKLSSVTAADTAVYFCARADTNGW------------------YEYFDLWGQGTLVTVSS,EIVLTQSPGTLSLSPGERATLSCRAS--QTVRS-----DYLAWYQQKPGQAPRLLMYD--------ASSRATGIPDRFSGSGSG--TDFTLTISRLEPEDFAVYYCQQYDS------------------------SPTFGPGTKVDIK
QVQLVES-GGGVVQPGGSLTLSCAASG-FTFRN-----YGMHWVRQTPGKGLEWVALIDYD---GRMKNYADTVQGRFTISRDNSQNTLYLQIKRLRAEDTAVYFCVKSGWMSTVEG------------GYYHHYMDVWGEGTTATVSS,QSALTQP-ASVSGSPGQSITISCIGTS-SDVAI----YDYVSWYQHHPGRDPKLMIYD--------VSKRPSGVSNRFSGSKSG--NRATLTISGLQAEDEADYYCCSYTNS----------------------NTYVFGTGTKVSVL
QVQLVQS-GAEVKKPGASVKVSCKASG-YTFTS-----YDINWVRQATGQGLEWMGWMNPN---SGNTGYAQKFQGRVTITRNTSISTAYMELSSLRSEDTAVYYCARAVRHPAGT--------------VYYYYMDVWGKGTTVTVSS,QSVLTQP-PSASGTPGQRVTISCSGSS-SNIGS-----NTVNWYQQLPGTAPKLLIYS--------NNQRPSGVPDRFSGSKSG--TSASLAISGLQSEDEADYYCAAWDDS---------------------LNAWVFGGGTKLTVL
QVQLVES-GGGVVQPGGSLRLSCAASG-FTFSS-----YGMHWVRQAPGKGLDWVAFIGYD---GNNKYYADSVKGRFTISRDNSKNTVYLQLSSLRAEDTAVYYCVKESRYRLL----------------IVGFFDYWGQGTLVTVSS,DIVMTQSPLSLPVTPGEPASISCRSS--QSLLHSN-GYNYLGWYLQKPGQSPQILIYL--------GSNRASGVPDRFSGSGSG--TDFTLKISRVEAEDVGVYYCIQALQ-----------------------TPVTFGQGTRLEIK
QVQLQQW-GAGLLKPSETLSLTCDVYG-GSLSG-----YYWSWIRQPPGKGPEWIGEINH----SGSTRYSPSLKSRVTLSVDTSKHQFSLRLTSVTAADTAVYYCARGIYYYDNS--------------GGPYYMDVWGKGTTVSVSS,DIQMTQSPSTLSASVRDRVTITCRAS--QSIS------SWLAWYQQKPGKAPKVLIYK--------ASTLESGVPSRFSGSGSG--TEFTLTISSLEPDDLATYYCQQYQS-----------------------YSPTFGQGTKVELK
